method	set	accuracy	F1
SVM	train	0.9567	0.97
SVM	validation	0.9648	0.9599
randomforest	training	0.9901	0.9911
randomforest	validation	0.9709	0.9739
xgboost	training	0.9889	0.9901
xgboost	validation	0.9732	0.976
Naive Bayes	training	0.930087908658896	0.938008859600163
Naive Bayes	validation	0.929943566669335	0.93792847869405
Decision Tree	training	0.90672427562057	0.915436220169112
Decision Tree	validation	0.906722811084992	0.915415285068051
